{
    "criteria_list": [
        "Ngu\u1ed3n V\u1ed1n",
        "K\u1ef9 n\u0103ng",
        "M\u1ea1ng l\u01b0\u1edbi quan h\u1ec7",
        "Th\u1eddi gian",
        "Xu h\u01b0\u1edbng th\u1ecb tr\u01b0\u1eddng",
        "R\u1ee7i ro",
        "Khu v\u1ef1c"
    ],
    "criteria_priority_vector": [
        0.14571618425303906,
        0.1138964479755926,
        0.13145004528983684,
        0.17364984219749327,
        0.10861031004176858,
        0.17394369871061643,
        0.15273347153165326
    ],
    "consistency_ratio": 0.0009838311995119923
}